Job Title,Salary Estimate,Job Description,Rating,Company Name,Location,Headquarters,Size,Founded,Type of ownership,Industry,Sector,Revenue,Competitors
Senior Data Scientist,$135K-$145K (Employer est.),"About Us

At GutCheck, we pioneered agile market research to provide our clients with actionable insights at the speed of their business. As the marketplace rapidly evolves, we're evolving with it. By combining qualitative, quantitative, and behavioral methodologies, our team of full-service research experts synthesizes insights to help clients make more confident business decisions -- connecting them with their target consumers earlier and more often in the development process.

What Makes Our Approach Different

We create heroes out of our clients by providing them with contextualized insights to more efficiently and effectively connect with their target audiences. Enabled by technology and automation, we are dedicated partners who take a human-first approach to delivering powerful insights. Today, we are bringing agile to strategy: enabling brands to gather robust foundational insights in an agile, iterative way to inform key business within the demands of today's innovation timelines.

Here's where you come in:

As our Senior Data Scientist, you will be the primary contributor that will operationalize predictive models built with machine learning and advanced analytic technologies. GutCheck owns years of structured and unstructured data. We've started to identify patterns in our world-class market research using machine learning technologies such as TensorFlow. You will help us by providing expertise on mathematical concepts for the broader cross-functional analytics team and inspire the adoption of advanced analytics and data science across the entire breadth of our organization.

You will work closely with our talented and agile Product and Engineering teams to craft scalable, well-designed solutions that address the technical and architectural challenges inherent to making sense of our data. We have a focus on quality, automation, and innovation. We encourage our Engineers to think creatively and flexibly when choosing solutions, tools, and techniques. Our team offers an environment where trust and innovation are encouraged, egos aren't accepted, and collaboration is core to our DNA.

You will advocate, evangelize and build data-fueled products that help our internal and external customers gain deeper insights into direct, targeted consumer feedback. This data can and will be coupled with third-party data sources to help our clients be heroes by making well informed business decisions. You'll help research and choose which data sources will provide unique and compelling insights, and then you'll dig in and become an expert on that data. You will provide insight into leading analytic practices, design and lead iterative learning and development cycles, and ultimately produce new and creative analytic solutions that will become part of our core deliverables.

For more information on the company and the GutCheck team, please go to www.gutcheckit.com

This job description is not a complete list of your qualifications or position roles. GutCheck is proud to be an equal opportunity employer. We are committed to equal opportunity regardless of race, color, ancestry, religion, gender, gender identity, genetic information, parental or pregnancy status, national origin, sexual orientation, age, citizenship, marital status, disability, or Veteran status.",3.9,"GutCheck
3.9","Denver, CO",-1,51 to 200 Employees,2009,Company - Private,Research & Development,Business Services,$10 to $25 million (USD),-1
Customer Data Scientist,$135K-$145K (Employer est.),"We are looking for a Customer Data Scientist to join our Performance team in the US.

We are looking for a customer-facing data scientist who enjoys analyzing complex systems and can communicate findings to customers and partners clearly and concisely. Your role is essential in making sure we can systematically improve optimization across our customers.

You will work with our global team of Customer Data Scientists based in our offices in Helsinki, New York, San Francisco, and Singapore. In this role you will analyze, validate, and test best practices in paid social advertising. You will be working closely together with both product development and commercial colleagues.
As Customer Data Scientist you will...
Serve as the day-to-day trusted measurement consultant for key strategic advertisers by analyzing customers’ performance marketing data and develop methods to figure out what works and, more importantly, why it works
Drive to be the best in the world at optimizing digital advertising in a cross-platform world with expertise and will to experiment across the platforms Smartly.io serves.
Provide feedback to and collaborate with Product team and Partnerships to identify opportunities for new features
Consult customers on Smarlty.io optimization features, and A/B and incrementality testing, and communicate complex research results to a general audience
Drive customer and industry adoption of optimization best practices, measurement methodologies, and products
Perform performance meta analyses, vertical research, and playbooks based on scientifically sound analytics
What we are looking for..
Bachelor's Degree in Computer Science, Mathematics, Economics, or a related quantitative field or similar knowledge
Strong analytical and critical thinking skills as well as familiarity with large data sets and data manipulation tools
Ability and willingness to become an expert in digital performance marketing
Experience working with structured and unstructured data-sets, statistical software such as R and/or Python, and SQL
Ability to work in a fast paced environment, collaborating with technical and non-technical stakeholders in a customer-facing role
Previous experience in account management, sales, project management or consulting is a plus
#LI-MD

Who we are

Powering beautifully effective ads - Smartly.io automates every step of social advertising to unlock greater performance and creativity.

We are a global team of over 350 Smartlies, building a platform that automates creative production and ad buying at scale. We are #1 in social advertising, managing 2.5 billion euros in ad spend and serving more than 650 brands worldwide, including eBay, Uber and TechStyle. Our team has footholds in 17 cities around the world and represents 54 different nationalities.

We are growing fast and hiring for many interesting positions globally. Learn more at smartly.io/careers and smartly.io/culturehandbook.

– – –

Reasonable accommodation for people with disabilities

Smartly.io is committed to providing reasonable accommodations for qualified individuals with disabilities or special needs in our job application procedures and working environment. If you need assistance or have any questions please contact us at accommodations@smartly.io.",4.6,"Smartly.io
4.6","New York, NY",-1,201 to 500 Employees,2013,Company - Private,Enterprise Software & Network Solutions,Information Technology,$25 to $50 million (USD),-1
Machine Learning Engineer Virtual Hiring Event,$135K-$145K (Employer est.),"SAP Hiring Event!

Event Details
Date: Tuesday, September 15, 2020

What We're Hiring For

Senior Software Infrastructure Engineer

Machine Learning Engineer

Senior Front End Developer

Senior DevOps Engineer

Senior Software Engineer

SAP.iO Entrepreneur in Residence

Intake Details:

Requirements

3-5+ years professional experience

What to bring to this event

Resume

Completing our online application prior to the event is strongly encouraged and will speed up the process.

What to wear

Dress code is Business casual (dress pants/skirt, button down/blouse, optional tie).

About SAP

SAP started in 1972 as a team of five colleagues with a desire to do something new. Together, they changed enterprise software and reinvented how business was done. Today, as a market leader in enterprise application software, we remain true to our roots. That’s why we engineer solutions to fuel innovation, foster equality and spread opportunity for our employees and customers across borders and cultures.

Now more than ever before businesses around the world need to accelerate the transformation of core processes in a flexible way. To support this, SAP’s Industry Cloud focuses on building new cloud products for customers in industries such as Consumer Products, Retail, Wholesale Distribution, Life Sciences, and Automotive.

Taking a start-up approach, industry cloud is an incubator for new cloud applications, bringing together product strategy and management will all the necessary cloud business functions such as architecture, engineering, and operations. Development in this unit will focus on cloud-native applications and has a strategic growth plan from now to 2025.

What is a Virtual Hiring Event?
Virtual hiring events are a great way for employers and jobseekers to connect, even if they aren't in the same physical location. Hiring is a human process, and they would like to talk with you online (either through chat, on the phone, or video) to see if you’re a fit!

At least 5 years of hands-on experience designing, building, testing and maintaining applications and frameworks using C++ 98, C++11 and C++17.
Expertise in standard C++ data structures, algorithms and standard template library
Experience implementing C++ frameworks, libraries or applications with allocator based memory management and data structures
Expertise with database programming and SQL; designing and implementing efficient I/O in C++ for reading/writing huge volumes of data, with concurrency and resource management
Experience with concurrent programming using modern C++ concepts
Experience implementing numerical optimization techniques such as gradient descent and Newton Raphson for enterprise grade machine learning algorithms
Experience with numerical linear algebra libraries such as Eigen and IMSL and familiarity with linear algebra in general

Preferred

Masters or PhD in CS, Engineering, Data Science, Statistics or a similar field
Experience with SAP HANA, SAP HANA AFL framework, SAP HANA SQLscript, SAP HANA Smart Data Access
Retail and Consumer Products Industry domain knowledge",4.6,"SAP
4.6","Newport Beach, CA",-1,10000+ Employees,1972,Company - Public,Computer Hardware & Software,Information Technology,$10+ billion (USD),-1
HCM Data Analyst,$135K-$145K (Employer est.),"Any qualified individual with a disability who is having difficulty in completing an application because of incompatible technology or other disability-related application issues may contact us at the following phone number for assistance: 251-445-1932.

Austal shall abide by the requirements of 41 CFR §§ 60-1.4(a), 60-300.5(a) and 60-741.5(a). These regulations prohibit discrimination against qualified individuals based on their status as protected veterans or individuals with disabilities, and prohibit discrimination against all individuals based on their race, color, religion, sex, sexual orientation, gender identity, or national origin. Moreover, these regulations require that covered prime contractors and subcontractors take affirmative action to employ and advance in employment individuals without regard to race, color, religion, sex, sexual orientation, gender identity, national origin, protected veteran status or disability. Austal’s commitment to equal employment opportunity applies at all levels of employment, in all job titles, including the executive level, and to all employment actions, including but not limited to decisions concerning recruitment, hiring, training, and promotion.

REPORTS TO: HCM Coordinator

SUPERVISES: N/A

AUTHORITIES / RESPONSIBILITIES:

The HCM data analyst plays a crucial role in collecting, structuring, analyzing, and reporting on HR processes and data. Supports business with key HR insights reporting (manning levels, hires; retention, turnover), talent metrics (promotion reporting; learning and development tracking; performance management insights), benefits reporting (billing invoices, participation census) as well as ad hoc reporting and data analysis as needed.

Job Description

Utilizes Workday systems and analytical tools to develop, analyze and interpret HR workforce data.
Partners with stakeholders across business units to build and implement reporting and analytic solutions that provide leaders with information necessary to achieve business goals and objectives.
Develop and maintain standardized dashboards and other related metrics reports for organization-wide and HR department evaluation.
Maintains common HR data repository
Monitors effectiveness of reporting and analytics products to ensure optimal value to the business, modifying or operationalizing new metrics and dashboard products as needed.
Creates scheduled reports and respond to ad-hoc queries from senior management and other areas of the company.
Leverages data extraction tools and approaches to perform complex data analysis and formulate new meaningful insights.
Reviews new reporting requests to be sure the request is consistent with HR systems and data strategies.
Creates, maintains, and ensures quality assurance of human resources data sets, reports, and metrics.
Recommends process and system improvements, follow up on recommendations.
Assist in the identification of data integrity problems and recommend solutions.
Other special projects, as needed.
Other duties as assigned;

QUALIFICATIONS / KNOWLEDGE / EXPERIENCE:

Bachelors degree or equivalent.
3-5 Business Analyst experience documenting Business Requirements and conducting data analysis.
Workday experience preferred in one or more modules: HCM, Benefits, Talent/Performance, Security, or Advanced Compensation.
Strong written and verbal communication skills to effectively communicate processes and procedures with managers and employees.
Highly developed ability to provide clear, concise verbal and written explanations for complex concepts so that others see the value add in recommendations and solutions.
Strong computer proficiency and technical aptitude to utilize MSOffice. Expert-level proficiency in Microsoft Excel (PowerPoint a plus).
Strong process orientation, analytical and problem-solving skills
Excellent service orientation skill set, ability to build strong relationships with fellow HR team members.
Must work with a sense of urgency and have the ability to handle confidential information in a professional manner. Can handle demands from multiple customers and has the ability to prioritize.
Ability to work collaboratively with multiple teams/organizations with attention to detail and strong organizational skills.
Flexible and has the capability to deliver results in a fast-paced, and high volume environment.

TOOLS: Not applicable

DIRECTION EXERCISED: Works within established guidelines. Works autonomously and escalates issues to HCM Coordinator as appropriate.

DISCRETION EXERCISED: A degree of creativity and latitude is expected. Relies on experience and judgment to plan and accomplish goals.

LIAISES WITH:

Employees, Department Managers, HR / Benefit Staff, Finance staff and external consultants as assigned.

ADDITIONAL GUIDELINES:

The ability to obtain and maintain a DoD clearance may be required if deemed necessary in the scope of your position responsibilities.
Candidates must meet the following employment eligibility guidelines to be eligible for employment with Austal USA:
18 years or older at time of application
Able to provide proof of US Person status (permanent resident or citizen)
No felony convictions of theft/deception or violent crimes within seven years from disposition date
No felony convictions of drug crimes within three years from disposition date
Willing to submit to a drug screen
Willing to submit to a background check",3.2,"Austal USA
3.2","Mobile, AL",-1,1001 to 5000 Employees,1988,Company - Public,Industrial Manufacturing,Manufacturing,$1 to $2 billion (USD),-1
Semantic Data Modeler and Engineer,$135K-$145K (Employer est.),"Semantic Data Modeler and Engineer

Tucson Embedded Systems, Inc. is seeking a semantic data modeler and engineer within the real-time embedded space, preferably with experience in creating semantic data models within the defense and aerospace industry (i.e., for mission systems). This position is for work on existing and future government and industry contracts. We are seeking an individual with the following skills:

• The ability to perform semantic/conceptual data modeling, or entity-relationship modeling for varying subject matters (domains) within a competitive and pragmatic environment

• Creation and integration of new and existing conceptual/semantic models into existing domain-specific data models, existing non-semantic models, and improperly-factored models

• Refactoring of improperly factored data models into semantically-consistent and separate domain models

• Understanding and experience in mapping of elements between semantically-similar and -different subject matters

• Realization of conceptual semantic data models into varying designs and implementations, through subsequent model decomposition and code generation

• Creation and modification of system and/or software lifecycle artifacts through the understanding and use of configuration management, revision control, and problem tracking

• Development of function, system, and unit-level model-based test procedures

• Familiarity and experience in implementation languages, debugging, debuggers, and system and software tools in support of these activities

• Demonstrable ability to effectively communicate and express complex concepts and thoughts through modeling, writing, and oral presentation of materials and artifacts

• Ability to work collaboratively in a team environment and when required, to implement tasks as directed from technical leadership

Required:

• 2-5 years of demonstrable experience conceptual and semantic data modeling using formal modeling tools, or equivalent processes and specification with similar level(s) of detail

• Have or be eligible for a United States security clearance

• Bachelor degree in a technical engineering discipline, or equivalent engineering work experience with Bachelor degree in a non-technical but field related to this position

Ideal:

• Knowledge and experience in conceptual semantic data modeling using the FACE™ Data Architecture

• Familiarity with D0-178B/C, DO 331&332, AC 20-148, AR 70-62 guidance and the Future Airborne Capability Environment (FACE) technical standards.

• Experience modeling navigation, communications, surveillance, and aircraft survivability equipment in a network-centric environment

Job Type: Full-time

Locations: Huntsville, AL

www.TucsonEmbedded.com

Job Type: Full-time

Benefits:
401(k)
401(k) Matching
Dental Insurance
Disability Insurance
Flexible Spending Account
Health Insurance
Life Insurance
Referral Program
Tuition Reimbursement
Vision Insurance
Schedule:
Monday to Friday
Education:
Bachelor's (Required)
Location:
Alabama (Required)
Security Clearance Required:
Confidential (Required)
Work Location:
One location
This Job Is Ideal for Someone Who Is:
Dependable -- more reliable than spontaneous
Detail-oriented -- would rather focus on the details of work than the bigger picture
High stress tolerance -- thrives in a high-pressure environment
This Company Describes Its Culture as:
Detail-oriented -- quality and precision-focused
Outcome-oriented -- results-focused with strong performance culture
Team-oriented -- cooperative and collaborative
Company's website:
https://TucsonEmbedded.com
Benefit Conditions:
Only full-time employees eligible
Work Remotely:
No",2.8,"Tucson Embedded Systems, Inc.
2.8",Alabama,-1,51 to 200 Employees,1997,Company - Private,Enterprise Software & Network Solutions,Information Technology,$10 to $25 million (USD),-1
Global Investment Data Architect,$135K-$145K (Employer est.),"Develop next generation cloud investment domain specific data designs for new line of business initiatives to cover functional and non-functional requirements, taking into account the needs of downstream consumers both within investments and across the enterprise. Design data models and data definitions to address the needs of the initiatives with the ability to support multiple use cases. Expand several existing investment domain specific data designs to do likewise. Rationalize and consolidate existing investment sub domain specific data designs to reduce technical debt and expand reusability of data.

Collaborate with the investment business data management partners to modernize how data is cataloged, mastered, stewarded, and governed in the cloud for the investment data domain. Establish and enforce the use of certified trusted data as provisioning points for accurate, timely, and complete data.

Significantly contribute to and collaborate on next generation cloud reference architectures and designs for investment data that will serve as the guidelines and guard rails for enabling the investment business to get a better handle on its investment data to more effectively manage it more as a strategic asset.

Duties and Responsibilities

Establish and maintain strong partnership with senior investment business partners to advance the shared business goals and outcomes.
Establish and maintain strong partnership with senior investment technology partners to enable them and their durable agile product teams to reach their goals and outcomes for their portfolio of products.
Establish and maintain strong partnership with senior shared technology services partners to ensure their support with cloud platforms, managed services and cloud reference architectures to advance the investment business goals and outcomes.
Establish and maintain strong partnership with senior AI/ML data scientists and business practitioners.
Contribute to the creation of the next generation cloud investment data architecture strategy to be followed by the durable agile product teams in the investment technology department .
Contribute to the creation of primarily cloud based reference and implementation data architecture patterns for the durable agile product teams across the investment technology department.
Contribute to definition and documentation of the field of use and best practices for various database types (relational, key-value, in-memory, document, graph, time series, and ledger) for investment data in the cloud.
Contribute to definition and documentation of the field of use and best practices for various types of analytics managed services (real time, operational, interactive, Big Data processing, data warehousing, and dashboards) for democratizing investment data in the cloud.
Collaborate with investment business data governance colleagues to establish optimal processes and appropriate controls to catalog, manage, and govern data in the cloud.
Collaborate with investment technology solution architects and senior technical staff on the durable agile product teams to:
Establish bounded contexts for the business data in scope of the products
Define the data access patterns to the data in scope
Select the fit for purpose data store / database to store data in the cloud
Assess the appropriate sizing and layout for the data in the selected database services
Develop the data models according to the data access pattern appropriate to the selected database services
Ensure next generation cloud data reference architecture and patterns are followed
Participate in special projects and performs other duties as assigned

Qualifications

Undergraduate degree or equivalent combination of training and experience
Minimum 7+ years relevant work experience with 5+ years of experience as a data/solution architect
Experience designing and delivering financial services investment related solutions for business operations and operational analytics
Experience designing data solutions taking into account the functional requirements as well as the system qualities such as availability, performance, scalability, consistency, and concurrency
Experience designing and delivering polyglot cloud data solutions with two or more of the following database types: relational, key-value, in-memory, document, graph, time series, or ledger
Experience with AWS database services is preferred
Experience designing and developing a variety of cloud analytics solutions. Experience with AWS analytics services is preferred
Experience in sizing, performance tuning, cost optimization and of cloud compute resources and query optimization of databases
Experience in designing data storage architecture such as data partitioning, indexing, and compaction
Familiarity with cloud AI/ML developer services
Experience with DevSecOps, Continuous Integration and Continuous Delivery
AWS Certified Solutions Architect – Professional Certification is preferred
Knowledge of good data management practices
Strong Communication and Presentation skills

Special Factors

Vanguard is not offering visa sponsorship for this position.

About Vanguard

We are Vanguard. Together, we’re changing the way the world invests.

For us, investing doesn’t just end in value. It starts with values. Because when you invest with courage, when you invest with clarity, and when you invest with care, you can get so much more in return. We invest with purpose – and that’s how we’ve become a global market leader. Here, we grow by doing the right thing for the people we serve. And so can you.

We want to make success accessible to everyone. This is our opportunity. Let’s make it count.

Inclusion Statement

Vanguard’s continued commitment to diversity and inclusion is firmly rooted in our culture. Every decision we make to best serve our clients, crew (internally employees are referred to as crew), and communities is guided by one simple statement: “Do the right thing.”

We believe that a critical aspect of doing the right thing requires building diverse, inclusive, and highly effective teams of individuals who are as unique as the clients they serve. We empower our crew to contribute their distinct strengths to achieving Vanguard’s core purpose through our values.

When all crew members feel valued and included, our ability to collaborate and innovate is amplified, and we are united in delivering on Vanguard's core purpose.

Our core purpose: To take a stand for all investors, to treat them fairly, and to give them the best chance for investment success.",3.3,"Vanguard
3.3","Malvern, PA",-1,10000+ Employees,1975,Company - Private,Investment Banking & Asset Management,Finance,Unknown / Non-Applicable,-1
Quantitative Analyst,$135K-$145K (Employer est.),"Primary Responsibilities:
Development and support of quantitative stock selection models.
Systematic discovery of alpha signals using traditional and alternative datasets.
Incorporate machine learning techniques into systematic strategy research and development.
Help ensure that quantitative models, research tools and risk controls are adequate to support new product initiatives.
Collaborate with other team members and other groups in order to drive productivity.
Support technological infrastructure and analytical research function.
Performs related duties as assigned.
Minimum Qualifications:
Minimum three years’ experience in quantitative research and quantitative model development in any asset classes.
A graduate degree in a quantitative discipline (e.g., Financial Engineering, Econometrics, Computer Science, Engineering, Math, Physics).
High-level proficiency in Python, R or similar programming languages.
Previous hands-on experience in quantitative research, data science and predictive Modelling including machine learning is a huge plus.
Demonstrated ability to learn and work with cutting-edge statistical methods and computational techniques.
In-depth working knowledge of quantitative systems development, tools and engineering techniques including back testing, optimization, attribution, risk control and quality control.
Knowledge of industry standard tools and databases such as Factset, Bloomberg, Worldscope, Compustat, IBES, Barra, etc.
Ability to take ownership of projects, with a strong focus on quality and accuracy.
A passion for investments combined with a strong work ethic, integrity, and a commitment to individual development.",3.7,"Calamos Investments
3.7",Illinois,-1,201 to 500 Employees,1977,Company - Private,Investment Banking & Asset Management,Finance,Unknown / Non-Applicable,-1
Data Scientist,$135K-$145K (Employer est.),"Job Description:

Our Advanced Data Analytics division in Reston, VA is seeking a talented Data Scientist for R&D projects with large amounts of complex data. As a Data Scientist you will be responsible for designing, implementing, and analyzing the results of innovative solutions to clients’ challenging machine learning and data mining problems. Applicants interested in applying only off-the-shelf solutions need not apply. Project teams are small, typically 2-5 people including Data Scientists, Mathematicians, and Software Developers. Each person is involved in the project’s entire process, from concept through design and implementation to demonstration. Our management structure gives you the freedom to create innovative designs and products. The ideal candidate will have experience writing well-documented, maintainable, and extensible software and APIs.

Required Qualifications:
Bachelor’s or Master’s degree in Machine Learning, Data Science, Computer Science, Mathematics, Statistics, or a related field
Significant experience developing and knowledge of best practices for evaluating innovative, scalable anomaly detection, classification, recommendation, and related algorithms
Significant programming experience in Python, Java, Scala, or R
Experience with machine learning software libraries such as scikit-learn and Weka
Understanding of deep learning algorithms and experience with related libraries such as TensorFlow, Torch, and Deeplearning4j a plus
Experience with big data tools such as Apache Spark, Mahout, or Storm a plus
Experience with NLP (Natural Language Processing) a plus
Ability to communicate algorithm design, performance metrics, and data analyses in written and oral reports
US CITIZENSHIP REQUIRED; applicants selected will be subject to a security investigation and will need to meet eligibility requirements for access to classified information

Position Location: Reston, VA

All qualified applicants will receive consideration for employment and will not be discriminated against on the basis of race, color, religion, sex, sexual orientation, gender identity, national origin, age, disability, or protected veteran status. Metron takes affirmative action in support of its policy to employ and advance in employment individuals who are minorities, women, protected veterans, and individuals with disabilities.

VEVRAA Federal Contractor",3.0,"Metron, Inc.
3.0","Reston, VA",-1,51 to 200 Employees,-1,Company - Private,Electrical & Electronic Manufacturing,Manufacturing,$25 to $50 million (USD),-1
Data Analyst,$135K-$145K (Employer est.),"Breckenridge Grand Vacations (BGV) is seeking qualified analysts who will help grow our highly cross-functional analytics department. The Data Analyst is responsible for quantitative& qualitative analysis, reporting, and data mining across all of BGV’s finance, marketing, operations, and sales divisions. At its highest level, this position identifies the business’ analytical needs, collaborates with the analytics team& business intelligence, develops thoughtful analyses, and effectively communicates findings and recommendations to key decision makers including executive leadership. BGV Analysts are highly detail oriented, proactive self-starters, team players, capable of multi-tasking, and can analyze large amounts of data with creativity and innovation in mind. Please visit www.BGVjobs.com to apply!

Data Analyst Essential Duties and Responsibilities(including but not limited to):
Understand and facilitate the integration of various business processes, people, software, data, and relevant technology to identify, configure, and communicate meaningful information that supports and drives decision making across all divisions of the company.
Leverage Tableau, MS Excel, and other BI tools for analysis, reporting, data visualization, self-service support, across disparate systems. Analysts must stay abreast of changes and improvements within the software to maximize value.
Provide pertinent information to BGV managers and executives by assembling and summarizing data, developing thorough analyses, preparing reports, identifying business solutions, making presentations of findings, and recommending courses of action.
Build and maintain analytical models, dashboards, reports, and templates to drive awareness and understanding of key performance indicators while ensuring quality, accuracy, and a focused analytic review.
Utilize data analysis skills to perform full lifecycle analytics including gathering requirements, design and development of analytic data sets, data mining, data quality assessment, data profiling, analytical infrastructure maintenance, and predictive analytics support.
Convert business expectations into data analysis while recognizing the audience and effectively communicating complexities at an executive level.
Analytics Team Cross-Functional Focuses(including but not limited to):

Financial Analysis and Reporting:
Pro forma financial statements; revenue/expense budget development and variance tracking; profit/cost efficiencies; resort financing& hypothecation; accounts receivable management; tax reporting; prospective resort development
Marketing Analysis and Reporting:
Campaign strategy and segmentation; program, CRM, website, lead generation, and call center performance; property tour conversion; tour budgeting; tour show-rate tracking; no show predictions; product affinity; customer list building& targeting
Operations Analysis and Reporting:
Resort occupancy, owner usage, exchange usage, rental inventory and revenue management, average daily rates, guest outreach, owner support, reservation& contact center, vacation rentals, resort operations department performance, guest surveys
Sales Analysis and Reporting:
Sales volume forecasting; inventory control; pricing& commission management; agent performance; tour prospect ranking; tour scheduling enhancements; Volume Per Guest (VPG) budgeting; sales management and administrative initiatives
Required Experience:
2– 5 years of related professional experience developing analytics and working with data in an organization
Bachelor’s degree in Analytics, Finance, Economics, Marketing, Mathematics, Statistics, Real Estate or other related field
MBA/Masters, concentrations, certifications, or specializations in related field a plus
Qualifications:
Advanced abilities in Tableau and MS Excel (other data visualization and BI tools ok but Tableau is preferred)
Experience and knowledge of various statistical programming languages (Python, R, MATLAB)
Proficiency in reading and writing code/queries in SQL and Visual Basic (VBA)
Must be highly detail oriented with strong organizational skills and can multi-task
Possesses excellent interpersonal skills, is a team player, and is an enthusiastic learner& self-starter
Motivated by growth opportunities, looking for the ability to make an impact, appreciates work-life balance, and has an entrepreneurial spirit
Benefit Summary:
Robust Medical, dental, and vision insurance plans and employer match 401(k) plan
Paid holiday time-off and paid volunteer time-off
Recreation and ski pass programs
Tickets to Rockies, Avalanche and Nuggets games, Pepsi Center concerts and events
Discounts on lodging, retail, restaurants, and activities
Employee housing(subject to availability)
About Breckenridge Grand Vacations:

BGV was formed in 1984, serving as the developer, owner, and operator of four Breckenridge Resorts: Gold Point Resort, Grand Timber Lodge, the Grand Lodge on Peak 7 and our newest resort, the Grand Colorado on Peak 8. Winner of the ACE Philanthropic Award in 2016 from the American Resort Development Association (ARDA), Denver Post’s 2018 Top Large Workplace: 1st Place, and winner of the ACE Project of Excellence (Grand Colorado on Peak 8) in 2020 from the American Resort Development Association (ARDA) as the best resort in the world for the year. Breckenridge Grand Vacations is widely recognized as one of the most successful independent developers in the industry.

Here at Breckenridge Grand Vacations, we pride ourselves on always creating Grand vacations for families and friends alike. Our purpose statement sets the stage for impacting the lives not only of our owners and guests, but our employees and our community:The Soul of BGV is creating smiles!",4.5,"Breckenridge Grand Vacations
4.5","Breckenridge, CO",-1,501 to 1000 Employees,1984,Company - Private,"Hotels, Motels, & Resorts",Travel & Tourism,$10 to $25 million (USD),-1
Marketing Data Analyst,$135K-$145K (Employer est.),"College bachelor’s degree required. Major in Business, Marketing, Mathematics, Information Technology or other relevant field preferred.
Minimum of 3 years of data analysis experience or 3 years of experience in a role requiring an understanding of the underlying data for various systems required.
Experience with various analytics/visualization platforms such as; PowerBI, Azure Machine Learning Services, Azure Data Factory preferred.
Experience in measuring social media and mobile efforts a plus. Google Analytics experience strongly preferred
Knowledge of the insurance industry environment, regulations, and practices preferred
Extensive knowledge of the Farm Bureau organization, Southern Farm Bureau Life, Marketing Department, products, personnel, and technical environments preferred.
Knowledge of the insurance
Keen intellectual curiosity and a passion for transforming data into knowledge, insights and results.
Critical Thinker Required: Must be able to critically and logically evaluate the costs, risks, and benefits of alternatives before coming to a solution. Must have the ability to probe and looks past symptoms to determine the underlying causes of problems and issues. Must be able to approach problems holistically; define connections, linkages, interdependencies, and develop solutions.
Ability to Drive Results Required: Must be able to focus on important information without getting bogged down in unnecessary detail and effectively communicate insights and results with team members.
Decision Making Required: Must be able to recognize the broad, systemic implications of problems and issues– and have the ability to make quick decisions in high stake situations, crises, and/or conditions of uncertainty. Takes responsibility for communicating and implementing decisions.
Ability to engage, inspire, and foster a sense of energy, ownership, and personal commitment to high quality work.
industry environment as a whole, regulations, and practices preferred.",4.3,"Southern Farm Bureau Life
4.3","Jackson, MS",-1,501 to 1000 Employees,1946,Company - Private,Insurance Carriers,Insurance,$1 to $2 billion (USD),-1
Data Scientist,$135K-$145K (Employer est.),"Job Brief

The ideal candidate will have previous Data Modeling experience. Strong preference will be given to candidates with an actuarial background in the property and casualty insurance space.

Overview

IFG Companies is in search of a Data Scientist to join its growing Predictive Modeling team.

The ideal candidate will have previous Data Modeling experience. Strong preference will be given to candidates with an actuarial background in the property and casualty insurance space.

Responsibilities
Build predictive and/or Machine Learning models in SAS
Research new statistical and mathematical techniques that are suitable and helpful for solving business related problems
Prepare data for modelling and make best/creative use of applicable and available internal or external data
Identifying and integrating new datasets that can be leveraged for modeling efforts
Support related processes around effectively deploying model to business
Effectively communicate results in written, oral and presentation formats to technical and non-technical audiences
Qualifications
Bachelor’s degree in statistics, applied mathematics, or related discipline
3+ years of Data Modeling or similar experience.
Experience with predictive modeling (classification, regression, parameter tuning, optimization criteria, feature selection), preferably with multiple techniques
Experience in model validation techniques, model testing and continuous monitoring of model performance
Experience in Property & Casualty Insurance is strongly preferred.
Demonstrated experience working with large relational data sets.
Working knowledge in SAS, R, Python or another platform to develop and implement predictive models.
Ability and willingness to quickly gain knowledge of SAS enterprise guide and enterprise miner.
Ability to communicate complex technical information in common language to foster teaching and analytics guidance to internal customers.
Advanced experience in analytics, data cleaning, and predictive modeling.
Ability to write queries in SQL.
Detail-oriented and ability to work collaboratively
Physical Demands
Physical demands are considered to be that of an office environment, climate controlled, with minimal physical exertion. This position requires prolonged sitting, ability to utilize a computer and interactions with others in meetings or via phone.
Benefits
We offer a competitive compensation and benefits package including medical, dental, vision, 401(k), flexible spending, short-term and long-term disability insurance, life insurance, long-term care, education assistance and paid time off.
IFG Companies is an equal opportunity employer committed to a diverse workforce. M/F/D/V",2.9,"IFG Companies
2.9","Atlanta, GA",-1,201 to 500 Employees,1985,Company - Private,Insurance Carriers,Insurance,Unknown / Non-Applicable,-1
Intern - Data Analyst,$135K-$145K (Employer est.),"Data Analyst

2021 Paid Summer Internship

Zions
Bancorporation’s Enterprise Technology and Operations (ETO) team is
transforming what it means to work for a financial institution. We operate in a
fast-paced, information-driven environment, which means we need people who
bring diverse experiences, perspectives, and expertise to meet the
ever-changing demands of a technology-driven world. We are grounded in the
belief that “improving the work is the work” as we drive to create simple,
easy, and fast solutions for our customers. Your ability to adapt, learn, and
innovate helps increase revenue, reduce operational costs, and mitigates risk.

ETO
provides opportunities for you to own your career growth through Diversity,
Equity, and Inclusion, Women in Technology, and Workforce of the Future
initiatives that allow you to network across the organization, volunteer in our
community, and build your technical and soft skills. Together we are building a
culture that values diversity and creates a space of belonging for all our team
members. We believe that investing in your success is an investment in our
customers and our business. Our people are what sets us apart and make us
great.

Zions Technology Strategy &
Programs Division of ETO is looking for a Data
Analyst Intern.

The intern will assist technology
support functions in integrating large data sets, analyzing the data, deriving
key findings and trends, and developing reporting. Projects will range from supporting areas
like IT Risk Management to IT Services Management (Incident, Problem, Change
and Release Management).

The position will
involve using a broad set of tools to query, analyze, and summarize information
quickly. Candidates should have both an
analytical mindset and ability to graphically depict the data for providing
both historical information as well as future predictions.

The intern will have
both rotational opportunities to gain background in horizontal technology
support functions and specific project work to apply learnings. Project results will be presented with an
emphasis on covering the approach taken and findings/results.

Please include a cover letter
listing your degree and describing your skills and experience in the data
analysis space, noting relevant school projects or business applications of
your skills.
Qualifications:

Working on a Bachelor's degree or Master’s degree in
mathematics, statistics, science, accounting, finance, business, computer
science, economics, or a related field;
Enjoy analyzing and building models using large sets of
data;
Strong analytical and organizational skills;
Strong written, verbal, and presentation skills;
Strong attention to detail;
Experience creating reports and dashboards using tools
like ClickView or Tableau;
Experience with MS Excel, Word, and PowerPoint;
Experience with database management tools such as SQL
and MS Access.",3.4,"Zions Bancorporation
3.4","West Valley City, UT",-1,10000+ Employees,-1,Company - Public,Banks & Credit Unions,Finance,$2 to $5 billion (USD),-1
Data Scientist BSLEF8,$135K-$145K (Employer est.),"E3/Sentinel’s Homeland Security Enterprise (HSE) division is an integrated organizational entity fostering increased collaboration and synergies across the Homeland domain. HSE combines the skills and talents of over 245 (and growing) E3S employees and subcontractor staff supporting multiple components across DHS, including but not limited to: U.S. Customs and Border Protection (CBP), Transportation Security Administration (TSA), U.S. Immigration and Customs Enforcement (ICE), Federal Emergency Management Agency (FEMA), U.S. Coast Guard (USCG), Science and Technology Directorate (S&T), Countering Weapons of Mass Destruction Office (CWMD), Federal Protective Services (FPS), and the DHS Headquarters Management Directorate. Our team provides rapid, innovative and specialized solutions that enable our HSE clients to success at meeting dynamic mission objectives.

Each day U.S. Customs and Border Protection (CBP) oversees the massive flow of people, capital, and products that enter and depart the United States via air, land, sea, and cyberspace. The volume and complexity of both physical and virtual border crossings require the application of “big data” solutions to promote efficient trade and travel. Further, effective “big data” solutions help CBP ensure the movement of people, capital, and products is legal, safe, and secure.
In response to this challenge, E3/Sentinel, as a trusted mission partner of CBP, seeks capable, qualified, and versatile data scientists to help lead the development and delivery of high-quality predictive modelling solutions. Successful applicants will serve as recognized subject matter experts in the application of quantitative methods, machine learning algorithms, and predictive models to address complex national and homeland security challenges. They will help our team to leverage large structured and unstructured datasets to develop and operationalize models, tools, and applications that drive optimized decision making. Project tasks include data collection, mining, data and text analytics, clustering analysis, pattern recognition and extraction, automated classification and categorization, and entity resolution to implement and enhance automated risk assessment. The products we develop provide actionable insight with real and immediate impact on the safety and security of the United States, its citizens, visitors, and economy.

Lead and perform hands-on analysis and modeling involving the creation of intervention hypotheses and experiments, assessment of data needs and available sources, determination of optimal analytical approaches, performance of exploratory data analysis, and feature generation (e.g., identification, derivation, aggregation).
Collaborate with mission stakeholders to define, frame, and scope mission challenges where big data interventions may offer important mitigations and develop robust project plans with key milestones, detailed deliverables, robust work tracking protocols, and risk mitigation strategies.
Demonstrate proficiency in extracting, cleaning, and transforming CBP transactional and mission data associated within an identified problem space to build predictive models as well as develop appropriate supporting documentation.
Leverage expert knowledge of a variety of statistical and machine learning techniques and methods to define and develop programming algorithms; train, evaluate, and deploy predictive analytics models that directly inform mission decisions.
Execute projects including those intended to identify patterns and/or anomalies in large datasets; perform automated text/data classification and categorization as well as entity recognition, resolution and extraction; and named entity matching.
Brief project management, technical design, and outcomes to both technical and non-technical audiences including senior government stakeholders throughout the model development/ project lifecycle through written as well as in-person reporting.

Bachelor’s Degree (required), Master’s or Ph.D. degree (preferred) in operations research, industrial engineering, mathematics, statistics, computer science/engineering, or other related technical fields with equivalent practical experience
Significant experience in developing machine learning models and applying advanced analytics solutions to solve complex business problems.
Proficiency with statistical software packages: SAS, SPSS Modeler, R, WEKA, or equivalent.
Experience with programming languages: R, Python, Scala, Java, SQL, or equivalent.
Experience constructing and executing queries to extract data in support of EDA and model development.
Experience with unsupervised and supervised machine learning techniques and methods.
Experience working with large-scale (e.g., terabyte and petabyte) unstructured and structured data sets and databases.
Experience performing data mining, analysis, and training set construction.
Completed CBP Background Investigation clearance (active or re-instate-able)

Experience with big data technologies (e.g., Hadoop, HIVE, HDFS, HBase, MapReduce, Spark, Kafka, Sqoop).
Proficiency with Unsupervised Machine Learning methods including Cluster Analysis (e.g., K-means, K-nearest Neighbor, Hierarchical, Deep Belief Networks, Principal Component Analysis), Segmentation, etc.
Proficiency with Supervised Machine Learning methods including Decision Trees, Support Vector Machines, Logistic Regression, Random/Rotation Forests, Categorization/Classification, Neural Nets, Bayesian Networks, etc.
Experience with pattern recognition and extraction, automated classification, categorization, and entity resolution (e.g., record linking, named-entity matching, deduplication/ disambiguation).
Experience working in a team and deploying solutions in an iterative or agile/DevOps continuous integration and delivery environment using lifecycle management methods and tools.
Experience with visualization tools and techniques (e.g., Periscope, Business Objects, D3, ggplot, Tableau, SAS Visual Analytics, PowerBI).

E3/Sentinel is an equal opportunity employer and Vietnam Era Veterans Readjustment Assistance Act (VEVRAA) federal contractor. All qualified applicants receive consideration for employment without regard to race, color, religion, gender, national origin, age, sexual orientation, gender identity, protected veteran status, or status as a qualified individual with a disability. E3/Sentinel hires and promotes individuals solely on the basis of their qualifications for the job to be filled.",4.4,"E3 Federal Solutions
4.4","Alexandria, VA",-1,501 to 1000 Employees,2004,Company - Private,Consulting,Business Services,Unknown / Non-Applicable,-1
Product and Data Analyst,$135K-$145K (Employer est.),"About Canal Insurance

Canal Insurance Company specializes in insurance for commercial trucking and specialty transportation operations. Canal was founded in 1939 and is located in Greenville, South Carolina. At Canal, we recognize that our success would not be possible without the hard work and dedication of our employees. We know that happiness and productivity go hand in hand, and to that end, we consciously cultivate a culture that enables us to recruit and retain the very best talent in the business.

Product& Data Analyst:

** Must be willing to relocate to Greenville, South Carolina **

The Product and Data Analyst position is responsible for providing analytical support to Product Managers within a designated region, group of states, or function and for maintaining regularly generated reports, answering ad hoc data questions and distributing these results to all levels of management. The analyst will also support the companies modeling efforts by monitoring the results of models as well as refreshing existing models.

Major Accountabilities:
Complete recommendations for pricing adequacy and participate in strategies that consider multiple business dimensions for profit, growth and expense for specific states and regions.
Accurately and concisely communicate findings of analysis. Proactively solicit input from business leaders on rate plans and progress.
Monitor incoming business and communicate results to product managers, business units and marketing staff.
Query data from multiple sources, check for completeness and accuracy, and produce regularly scheduled as well as ad hoc reports.
Collaborate with IT in the research and solution of data issues within source systems and downstream applications.
Monitor existing models to see that they continue to be effective, or to suggest improvements.
Refresh and reparametrize existing predictive models.
Perform other duties as assigned by Management.
Qualifications

Education/Training Requirements: Bachelor’s degree required with a concentration in Business, Finance, Economics, Mathematics or Computer Science preferred.

Experience/Specialized Skills: Minimum three years of experience analyzing data identification of data anomalies required. Basic technical knowledge and intermediate operational knowledge in underwriting preferred. Intermediate knowledge of database functionality required. Advanced querying skills (PowerPivot, SQL, R, or SAS) preferred. At least three years of experience analyzing data with a critical eye towards reasonability and identification of data anomalies. Prior experience developing or using results from regression models or decision trees is strongly preferred. Insurance industry experience preferred, but not required. Advanced computer skills (word processing, spreadsheets, databases, Internet, e-mail) required.

Special Considerations

Physical Requirements: Constant use of vision, hearing, and communication (oral and written in person and via telephone). Frequent concentration, standing, walking, handling, reaching, and grasping. Occasional bending, kneeling and lifting (up to 25 lbs.). Heavy use of computer and office equipment.

Additional Requirements: Occasional travel may be required. Periodic work outside of standard business hours or on weekends may be required.",3.7,"Canal Insurance
3.7","Greenville, SC",-1,201 to 500 Employees,1939,Company - Private,Insurance Carriers,Insurance,$100 to $500 million (USD),-1
Sr. DATA SCIENTIST,$135K-$145K (Employer est.),"Title: Sr. Data Scientist

Company: Samsung Research America (SRA)

Lab: Visual Display Intelligence Lab

Location: Mountain View, CA

Lab Summary:

At Visual Display Intelligence lab, Samsung Research America, we operate as a start-up while leveraging the broader assets of a larger global enterprise. We do advance research and development to immensely benefit our core business verticals in the space of Ads and Marketing. Our team primarily focuses on processing huge data sets, build robust and scalable big data pipelines, conduct advanced research in implementing state-of-the-art ML and AI techniques, build data services that are both real-time and batch based. All those combined provide the best-in-class experience to our customers across consumer electronics and internet of things. Many of our engineers take pride in publications, filing A-grade patents and build robust products and services.

Position Summary:

As a Staff Software Engineer you will primarily focus on building unified Audience platform by working directly with Product Managers, Lab leaders, researchers, Big data/AI/ML engineers, brainstorm different ideas and also build POCs and propose projects that cater to the broader business needs. If there is evinced interest to invest on those projects, you could lead them to fruition. You will help design data pipelines, maintain large scale distributed systems, help manage the modern data warehousing infrastructure, analyze key metrics for decision makers to provide visual insights that will change the company direction and benefit consumers. The ideal candidate will be someone who comes from a strong analytical background that has demonstrated experience in the following areas:

Responsibilities:
Build and maintain large scale distributed systems to support the whole pipeline from data collection and training to deployment and real-time serving
Write efficient implementations of ML algorithms over CPUs & GPUs
Integrate our in-house systems with open source technologies like Kubernetes and Tensorflow
Build abstractions to automate various steps in different ML workflows
Build tools to debug, visualize and inspect various features and models
Work with the engineers who use the platform, and help them be more impactful by improving the platform
Minimum Qualifications:
Strong knowledge of Computer Science fundamentals including object-oriented design, data structures, operating system, computer networks.
(5+ years) Software development experience, ideally in Python, Scala or Java
(5+ years) Experience with MySQL, Postgres, Cassandra, Redis, Redshift, OracleDB or MongoDB
(3+ years) Microservice-oriented architectures and related OSS technologies (e.g. Kubernetes, Kafka, Celery/RabbitMQ, nginx, Redis, Airflow, etc)
(3+ years) Experience working in distributed and streaming environment, preferably using Spark, Kafka, Flink etc
(3+ years) Experience with AWS in an enterprise environment
(3+ years) CI/CD and test automation frameworks (Cypress.io, Jenkins, Appium, UIAutomation, Bazel, etc)
Preferred Qualifications:
BS, MS or PhD in Computer Science, Engineering or a related technical field
Strong communication and inter-personal skills
Experience with leading large-scale multi-engineer projects
Samsung is an EEO/Veterans/Disabled/LGBT employer. We welcome and encourage diversity as we strive to create an inclusive workplace.",3.7,"Samsung Research America
3.7","Mountain View, CA",-1,1001 to 5000 Employees,1988,Subsidiary or Business Segment,Computer Hardware & Software,Information Technology,$50 to $100 million (USD),-1
